<?xml version="1.0" encoding="UTF-8"?>
<archive xmlns="http://rs.tdwg.org/dwc/text/" xmlns:xsi="http://www.w3.org/2001/XMLSchema-instance" xsi:schemaLocation="http://rs.tdwg.org/dwc/text/  http://rs.tdwg.org/dwc/text/tdwg_dwc_text.xsd">
  <core encoding="UTF-8" fieldsTerminatedBy="\t" linesTerminatedBy="\n" ignoreHeaderLines="1" rowType="http://rs.tdwg.org/dwc/terms/Taxon">
    <files>
      <location>taxa.tsv</location>
    </files>
    <id index="0"/>
    <field index="0" term="http://rs.tdwg.org/dwc/terms/taxonID"/>
    <field index="1" term="http://purl.org/dc/terms/references"/>
    <field index="2" term="http://rs.tdwg.org/dwc/terms/scientificNameID"/>
    <field index="3" term="http://rs.tdwg.org/dwc/terms/scientificName"/>
    <field index="4" term="http://rs.tdwg.org/dwc/terms/scientificNameAuthorship"/>
    <field index="5" term="http://rs.tdwg.org/dwc/terms/taxonRank"/>
    <field index="6" term="http://rs.tdwg.org/ontology/voc/TaxonName#uninomial"/>
    <field index="7" term="http://rs.tdwg.org/ontology/voc/TaxonName#genusPart"/>
    <field index="8" term="http://rs.tdwg.org/ontology/voc/TaxonName#infragenericEpithet"/>
    <field index="9" term="http://rs.tdwg.org/ontology/voc/TaxonName#specificEpithet"/>
    <field index="10" term="http://rs.tdwg.org/ontology/voc/TaxonName#infraspecificEpithet"/>
    <field index="11" term="http://rs.tdwg.org/dwc/terms/nomenclaturalCode"/>
    <field index="12" term="http://rs.tdwg.org/dwc/terms/higherClassification"/>
    <field index="13" term="http://rs.tdwg.org/dwc/terms/namePublishedInID"/>
  </core>
  <extension encoding="UTF-8" fieldsTerminatedBy="\t" linesTerminatedBy="\n" ignoreHeaderLines="1" rowType="http://eol.org/schema/reference/Reference">
    <files>
      <location>references.tsv</location>
    </files>
    <coreid index="0"/>
    <field index="0" term="http://rs.tdwg.org/dwc/terms/taxonID"/>
    <field index="1" term="http://purl.org/dc/terms/identifier"/>
    <field index="2" term="http://eol.org/schema/reference/publicationType"/>
    <field index="3" term="http://eol.org/schema/reference/full_reference"/>
    <field index="4" term="http://eol.org/schema/reference/primaryTitle"/>
    <field index="5" term="http://purl.org/dc/terms/title"/>
    <field index="6" term="http://purl.org/ontology/bibo/issn"/>
    <field index="7" term="http://purl.org/ontology/bibo/volume"/>
    <field index="8" term="http://purl.org/ontology/bibo/issue"/>
    <field index="9" term="http://purl.org/ontology/bibo/pages"/>
    <field index="10" term="http://purl.org/ontology/bibo/pageStart"/>
    <field index="11" term="http://purl.org/ontology/bibo/pageEnd"/>
    <field index="12" term="http://purl.org/dc/terms/created"/>
    <field index="13" term="http://purl.org/ontology/bibo/authorList"/>
    <field index="14" term="http://purl.org/ontology/bibo/editorList"/>
    <field index="15" term="http://purl.org/ontology/bibo/uri"/>
    <field index="16" term="http://purl.org/ontology/bibo/doi"/>
    <field index="17" term="http://purl.org/ontology/bibo/handle"/>
    <field index="18" term="http://purl.org/ontology/bibo/pmid"/>
    <field index="19" term="http://purl.org/ontology/bibo/isbn10"/>
    <field index="20" term="http://purl.org/ontology/bibo/isbn13"/>
    <field index="21" term="http://purl.org/ontology/bibo/oclcnum"/>
  </extension>
</archive>
