taxonID	references	scientificNameID	scientificName	scientificNameAuthorship	TaxonRank	uninomial	genusPart	infragenericEpithet	specificEpithet	infraspecificEpithet	nomenclaturalCode	higherClassification	namePublishedInID
http://bionames.org/names/cluster/1	http://bionames.org/names/cluster/1	urn:lsid:organismnames.com:name:1	Aves		class	Aves					ICZN	Animalia;Chordata;Vertebrata	
http://bionames.org/names/cluster/10	http://bionames.org/names/cluster/10	urn:lsid:organismnames.com:name:10	Phyllodactylus stumpffi		species		Phyllodactylus		stumpffi		ICZN	Animalia;Chordata;Vertebrata;Reptilia;Lepidosauria;Squamata;Sauria;Gekkonidae	
http://bionames.org/names/cluster/100	http://bionames.org/names/cluster/100	urn:lsid:organismnames.com:name:100	Myomorpha		infraorder	Myomorpha					ICZN	Animalia;Chordata;Vertebrata;Mammalia;Rodentia	
http://bionames.org/names/cluster/1000	http://bionames.org/names/cluster/1000	urn:lsid:organismnames.com:name:1000	Gigantoproductus quadratus	Kalashnikov 1974	species		Gigantoproductus		quadratus		ICZN	Animalia;Brachiopoda	http://bionames.org/references/a892e9254050368780da09c12b4a9a9e
http://bionames.org/names/cluster/10000	http://bionames.org/names/cluster/10000	urn:lsid:organismnames.com:name:10000	Paralongidorus strelitziae	Heyns 1966	species		Paralongidorus		strelitziae		ICZN	Animalia;Nematoda	
http://bionames.org/names/cluster/100000	http://bionames.org/names/cluster/100000	urn:lsid:organismnames.com:name:100000	Trasgu	Martinez Chacon 1979	genus	Trasgu					ICZN	Animalia;Brachiopoda	http://bionames.org/references/ca0d16260912202c12e898dfcf4ffb1d
http://bionames.org/names/cluster/1000000	http://bionames.org/names/cluster/1000000	urn:lsid:organismnames.com:name:1000000	Euplanaria dorotocephala		species		Euplanaria		dorotocephala		ICZN	Animalia;Platyhelminthes;Turbellaria	
http://bionames.org/names/cluster/1000001	http://bionames.org/names/cluster/1000001	urn:lsid:organismnames.com:name:1000001	Gloiobdella michaelseni		species		Gloiobdella		michaelseni		ICZN	Animalia;Annelida;Hirudinea	
http://bionames.org/names/cluster/1000002	http://bionames.org/names/cluster/1000002	urn:lsid:organismnames.com:name:1000002	Helobdella festai		species		Helobdella		festai		ICZN	Animalia;Annelida;Hirudinea	
http://bionames.org/names/cluster/1000003	http://bionames.org/names/cluster/1000003	urn:lsid:organismnames.com:name:1000003	Helobdella simplex		species		Helobdella		simplex		ICZN	Animalia;Annelida;Hirudinea	
http://bionames.org/names/cluster/1000004	http://bionames.org/names/cluster/1000004	urn:lsid:organismnames.com:name:1000004	Helobdella titicacensis		species		Helobdella		titicacensis		ICZN	Animalia;Annelida;Hirudinea	
http://bionames.org/names/cluster/1000005	http://bionames.org/names/cluster/1000005	urn:lsid:organismnames.com:name:1000005	Sphaerium lauricochae	Philippi 1869	species		Sphaerium		lauricochae		ICZN	Animalia;Mollusca;Bivalvia;Heterodonta;Veneroida;Corbiculoidea	
http://bionames.org/names/cluster/1000006	http://bionames.org/names/cluster/1000006	urn:lsid:organismnames.com:name:1000006	Oxypoda abdominalis		species		Oxypoda		abdominalis		ICZN	Animalia;Arthropoda;Insecta;Coleoptera;Polyphaga;Staphylinoidea;Staphylinidae	
http://bionames.org/names/cluster/1000007	http://bionames.org/names/cluster/1000007	urn:lsid:organismnames.com:name:1000007	Machimus atricapillus calceatus		subspecies		Machimus		atricapillus	calceatus	ICZN	Animalia;Arthropoda;Insecta;Diptera;Brachycera;Orthorrhapha;Asilidae	
http://bionames.org/names/cluster/1000008	http://bionames.org/names/cluster/1000008	urn:lsid:organismnames.com:name:1000008	Philonthus (Kenonthus) spinipes		species		Philonthus		spinipes		ICZN	Animalia;Arthropoda;Insecta;Coleoptera;Polyphaga;Staphylinoidea;Staphylinidae	
http://bionames.org/names/cluster/1000009	http://bionames.org/names/cluster/1000009	urn:lsid:organismnames.com:name:1000009	Sympecma		genus	Sympecma					ICZN	Animalia;Arthropoda;Insecta;Odonata	
http://bionames.org/names/cluster/100001	http://bionames.org/names/cluster/100001	urn:lsid:organismnames.com:name:100001	Trasgu minor	Martinez Chacon 1979	species		Trasgu		minor		ICZN	Animalia;Brachiopoda	http://bionames.org/references/ca0d16260912202c12e898dfcf4ffb1d
http://bionames.org/names/cluster/1000010	http://bionames.org/names/cluster/1000010	urn:lsid:organismnames.com:name:1000010	Sympecma gobica	(Forster)	species		Sympecma		gobica		ICZN	Animalia;Arthropoda;Insecta;Odonata	
http://bionames.org/names/cluster/1000011	http://bionames.org/names/cluster/1000011	urn:lsid:organismnames.com:name:1000011	Xylopsocus intermedius	Damoiseau 1993	species		Xylopsocus		intermedius		ICZN	Animalia;Arthropoda;Insecta;Coleoptera;Polyphaga;Bostrichoidea;Bostrichidae	http://bionames.org/references/b7123350894d6eee35624ec4f9dbbad7
http://bionames.org/names/cluster/1000012	http://bionames.org/names/cluster/1000012	urn:lsid:organismnames.com:name:1000012	Sympecma gobica	(Forster 1900)	species		Sympecma		gobica		ICZN	Animalia;Arthropoda;Insecta;Odonata	
